<?xml version='1.0' encoding='UTF-8' ?>
<timeLogEntries>
  <time id="1" path="/Proyecto/PSP0/Planning" start="@1695439351678" delta="45" />
  <time id="2" path="/Proyecto/PSP0/Design" start="@1695589702672" delta="169" />
  <time id="3" path="/Proyecto/PSP1/Design" start="@1695956755645" delta="105" />
  <time id="4" path="/Proyecto/PSP1/Code" start="@1696481041811" delta="55" />
  <time id="5" path="/Proyecto/PSP1/Code" start="@1696788621192" delta="47" />
  <time id="6" path="/Proyecto/PSP1/Code" start="@1696792681928" delta="313" />
  <time id="7" path="/Proyecto/PSP1/Test" start="@1696822677053" delta="70" />
  <time id="8" path="/Proyecto/PSP1/Code" start="@1696996834519" delta="104" />
  <time id="9" path="/Proyecto/PSP2/Code" start="@1697680655916" delta="124" />
  <time id="10" path="/Proyecto/PSP2/Code" start="@1697826624083" delta="31" interrupt="2" />
  <time id="11" path="/Proyecto/PSP2/Code" start="@1697834673889" delta="185" />
  <time id="12" path="/Proyecto/PSP2/Code" start="@1698794054080" delta="63" />
  <time id="13" path="/Proyecto/PSP2/Code" start="@1698797970875" delta="425" />
  <time id="14" path="/Proyecto/PSP2/Code Review" start="@1699212004058" delta="96" />
  <time id="15" path="/Proyecto/PSP2/Test" start="@1699217785589" delta="146" />
  <time id="16" path="/Proyecto/PSP2/Design" start="@1699226572871" delta="64" />
  <time id="17" path="/Proyecto/PSP2/Test" start="@1699232421574" delta="100" />
  <time id="18" path="/Proyecto/PSP2/Compile" start="@1699239024075" delta="33" />
  <time id="19" path="/Proyecto/PSP2/Code" start="@1699241145880" delta="35" />
  <time id="20" path="/Proyecto/PSP2/Code" start="@1699315622325" delta="206" interrupt="19" />
  <time id="21" path="/Proyecto/PSP2/Code" start="@1699382041201" delta="271" />
  <time id="22" path="/Proyecto/PSP2/Test" start="@1699407776666" delta="27" />
  <time id="23" path="/Proyecto/PSP2/Test" start="@1699461020587" delta="23" />
  <time id="24" path="/Proyecto/PSP2/Code Review" start="@1699483646613" delta="84" />
  <time id="25" path="/Proyecto/PSP2/Code Review" start="@1699506731346" delta="484" />
</timeLogEntries>
